{
  "trades": 13,
  "win_rate": 0.7692307692307693,
  "avg_trade_return": 0.002750078746128076,
  "profit_factor": 7.775809285690429,
  "final_equity": 1.0362581700561868,
  "max_drawdown": -0.00316153028692856,
  "params": {
    "ema_fast": 34,
    "ema_slow": 144,
    "slope_len": 10,
    "SL": -0.06,
    "TP": 0.1
  }
}